"RegionName","SizeRank","2010-02","2010-03","2010-04","2010-05","2010-06","2010-07","2010-08","2010-09","2010-10","2010-11","2010-12","2011-01","2011-02","2011-03","2011-04","2011-05","2011-06","2011-07","2011-08","2011-09","2011-10","2011-11","2011-12","2012-01","2012-02","2012-03","2012-04","2012-05","2012-06","2012-07","2012-08","2012-09","2012-10","2012-11","2012-12","2013-01","2013-02","2013-03","2013-04","2013-05","2013-06","2013-07","2013-08","2013-09","2013-10","2013-11","2013-12","2014-01","2014-02","2014-03","2014-04","2014-05","2014-06","2014-07","2014-08","2014-09","2014-10","2014-11","2014-12","2015-01","2015-02","2015-03","2015-04","2015-05","2015-06","2015-07","2015-08","2015-09","2015-10","2015-11","2015-12","2016-01","2016-02","2016-03","2016-04","2016-05","2016-06","2016-07","2016-08"
"United States",0,,,,,,,,,850,850,850,932,1000,1100,1293,1300,1300,1300,1300,1225,1100,1075,1110,1135,1150,1200,1250,1300,1270,1250,1200,1225,1200,1200,1221,1150,1250,1292,1300,1310,1321,1395,1400,1529,1615,1550,1602,1600,1600,1600,1600,1700,1700,1500,1500,1499,1475,1460,1425,1450,1486,1500,1500,1510,1500,1500,1500,1495,1485,1415,1445,1455,1499,1495,1495,1495,1475,1500,1495
"New York, NY",1,,,,,,,,,,,,,,,,,,,,2150,2150,2225,2200,2200,2295,2350,2395,2400,2400,2400,2420,2450,2495,2495,2500,2475,2550,2500,2550,2600,2600,2525,2550,2600,2625,2550,2550,2500,2540,2550,2550,2595,2575,2200,2136,2150,2150,2150,2100,2100,2100,2135,2200,2250,2199,2100,2175,2150,2100,2100,2100,2100,2100,2100,2150,2199,2200,2200,2200
"Los Angeles-Long Beach-Anaheim, CA",2,,1375,1425,1415,1450,1500,1520,1375,1300,1350,1350,1250,1295,1295,1295,1300,1300,1295,1295,1275,1240,1225,1200,1250,1295,1320,1325,1325,1335,1330,1345,1383.5,1375,1370,1349,1355,1415,1450,1423,1436,1425,1399,1395,1395,1445,1350,1495,1485,1450,1425,1475,1540,1539.5,1555,1595,1625,1675,1685,1695,1695,1713.5,1702,1700,1720,1725,1735,1750,1750,1757,1800,1795,1825,1850,1880,1857,1850,1850,1880,1832.5
"Chicago, IL",3,,1100,1150,1100,1100,1000,985,1125,1250,1255,1265,1150,1222.5,1200,1226.5,1245,1311,1288.5,1250,1275,1250,1225,1295,1300,1235,1195,1150,1200,1270,1255,1250,1300,1380,1325,1375,1350,1495,1399,1449,1472,1500,1513,1525,1500,1480,1516,1595,1551,1457,1435,1400,1400,1425,1570,1400,1602,1630,1600,1350,1490,1595,1400,1400,1425,1399,1375,1380,1525,1600,1690,1603,1550,1650,1500,1457,1450,1425,1395,1407.5
"Dallas-Fort Worth, TX",4,,,,,,,,,,,,,,,,,,,,650,655,685,714,737,777,807,775,794,795,785,775,793,796,800,827,930,825,847.5,850,864,880,895,850,960,1021,1055,1049,1025,999,1000,1020,968.5,990.5,939.5,925,923,939,1002,1009,1000,980,950,989,990,998,999,1015,1039,1030,1060,1060,1066,1079,1109,1090,1095,1089,1085,1089
"Philadelphia, PA",5,,,,,,,990,895,895,915,900,974,950,950,995,950,975,945,950,975,925,930,925,935,972.5,975,1000,1000,995,975,995,975,985,990,950,925,950,975,980,1050,1001.5,975,950,950,950,990,975,925,947,950,975,1100,1100,1100,1100,1042,1050,1033,1000,1000,1015,1060,1125,1115,1100,1075,1100,1055,1050,1110,1064,1100,1100,1145,1175,1195,1165,1190,1175
"Houston, TX",6,,,,,,,,,,,,,,,,,,,,,,,,,,,,,,,,,,,,,,,,,,,,,,1100,975,1085,1005,993,1013.5,1043,1057,1050,1045,1050,1078,1020,1025,1020,1029,1050,1080,1099,1100,1100,1100,1110,1119,1240,1221,1240,1175,1200,1175,1161,1131,1115,1108
"Washington, DC",7,1300,1300,1400,1350,1395,1400,1375,1400,1400,1400,1415,1425,1400,1400,1425,1430,1465,1500,1715,1780,1754,1611,1632,1655,1694,1742,1745,1765,1795,1780,1710,1708,1705,1695,1720,1725,1723,1739,1700,1615,1650,1622,1698,1695,1684,1675,1640,1655,1649,1630,1649,1695,1700,1785,1800,1710,1695,1692,1695,1695,1727,1725,1750,1743,1745,1720,1730,1729,1715,1695,1695,1700,1721,1727,1729,1700,1719,1725,1680
"Miami-Fort Lauderdale, FL",8,1300,1299,1300,1275,1300,1200,1200,1325,1350,1300,1300,1299,1300,1300,1300,1290,1275,1250,1250,1250,1200,1250,1250,1250,1250,1250,1225,1200,1250,1250,1250,1200,1175,1175,1195,1195,1200,1200,1225,1250,1300,1450,1429,1400,1440,1450,1450,1400,1375,1325,1300,1350,1390,1395,1399,1400,1400,1425,1400,1450,1500,1500,1500,1565.5,1625,1600,1650,1600,1600,1650,1600,1650,1650,1650,1600,1600,1575,1500,1536
"Atlanta, GA",9,999.5,975,1000,1000,1050,1000,925,900,950,975,950,879,925,911,900,890,860,850,870,882.5,804.5,810,835,799,840,797,795,825,830,835,855,830,845,822,810,802,795,795,799,825,818,835,840,899,975,940,997.5,1033,1006,1016,1025,1020,1049,1050,1025,1050,1027.5,1030,1030,1050,1085,1075,1084.5,1116.5,1140,1140,1153,1140,1130,1169,1170,1173,1173,1200,1200,1095,1164.5,1150,1179
"Boston, MA",10,,,,,,,,,,,,,,,,,,1650,1675,1700,1657,1650,1637,1625,1630,1650,1700,1795,1740,1710,1678,1720.5,1702,1740,1750,1795,1760,1763,1795,1800,1800,1870,1875,1895,1895,1899,1850,1825,1850,1850,1850,1875,1900,1900,1900,1895,1900,1925,1900,1950,1950,1950,1950,1950,1950,1995,2000,2000,2000,2000,1995,1975,1975,1980,1975,1975,1986,1940,1975
"San Francisco, CA",11,,,,,,,,,1195,1241,1240,1300,1345,1325,1395,1399,1450,1500,1595,1650,1590,1604.5,1695,1645.5,1659.5,1700,1635.5,1688.5,1750,1721,1655.5,1650,1675,1695,1749,1695,1725,1795,1817,1845,1871,1850,1840,2095,2099.5,2000,2175.5,2200,2068,2019,2150,2395,2379,2262,2399,2460,2407,2400,2400,2462.5,2500,2535.5,2555,2538,2559,2550,2632,2664.5,2614,2570,2600,2805,2800,2834.5,2800,2753,2700,2528.5,2600
"Detroit, MI",12,,,750,750,722.5,675,650,600,600,605,617.5,630,649,650,650,695,650,650,650,637.5,550,555,595,645,610,620,615,615,575,580,630,635,630,625,595,575,600,635,600.5,605,599,599,590,650,650,650,652.5,675,700,700,700,692.5,700,700,700,700,700,700,725,715,710,715,740,735,729,710,705,700,705,700,715,725,725,750,750,735,700,790,800
"Riverside, CA",13,,,,,,1025,1000,935,910,910,906.5,895,895,850,865,895,850,815,800,800,825,825,850,889,920,960,895,870,890,850,884,885,935,985,950,935,950,950,925,895,849,850,829,795,800,795,795,795,750,750,795,800,800,845,850,850,850,850,875,875,895,910,950,925,990,995,975,955,950,1110,1107.5,1119,1107,1125,1177,1215,1125,1184,1175
"Phoenix, AZ",14,,650,725,800,795,775,797.5,707.5,750,756,750,677,675,675,700,700,699,675,675,679.5,666.5,659,665,669,680,695,680,679,679,685,700,699,700,700,695,688,699,699,699,698,695,699,695,699,699,695,720,749,735,725,735,729.5,742,719,735,730,730,745,751.5,762,770,785,800,799.5,800,800,815,825,819,825,929,919,900,949.5,927,925,969.5,895,917.5
"Seattle, WA",15,,,,,,1025,1000,995,1005,995,905,895,900,899,900,920,950,925,975,975,975,985,956,979,976,995,995,975,975,975,1050,1053,1095,1095,1108,1050,1125,1165,1175,1195,1178.5,1195,1200,1305.5,1310,1295,1343,1316,1295,1295,1350,1440,1475,1489,1450,1489,1442.5,1490.5,1465,1488,1543,1530,1525,1530,1544,1566,1580,1582,1574,1440,1559,1561,1600,1656,1635,1664,1663,1585,1601
"Minneapolis-St Paul, MN",16,,,,,,,,,675,675,697,749.5,750,725,725,750,750,750,750,750,750,750,770,797,790,810,810,805,810,825,902.5,985,986,925,965,910,945,955,949,925,900,875,892.5,960,925,945,915,900,904,915,920,935,952.5,956,999,1000,995,960,967,965,1005,999,999.5,995,1030,1035,1095,1105,1080,1147,1184,1145,1122,1198.5,1150,1150,1090,1102,1165
"San Diego, CA",17,,,,,,,,,1191.5,1234.5,1289,1200,1195,1125,1125,1150,1195,1200,1250,1300,1250,1200,1220,1250,1250,1295,1248,1244,1250,1245,1250,1293,1285,1300,1295,1225,1246,1245,1244,1225,1199,1100,1175,1295,1250,1175,1300,1350,1300,1295,1350,1500,1495,1475,1500,1500,1500,1555,1509,1594.5,1625,1565,1595,1600,1610,1640,1665,1695,1649.5,1635,1650,1650,1650,1695,1650,1600,1606,1815,1650
"St. Louis, MO",18,,,,,,,,,,,,,,,,,,,575,575,595,615,600,625,625,625,600,650,648.5,640,705,675,655,600,636,645,650,660,679,650,640,650,650,625,625,645,650,625,650,650,691,650,650,650,695,667,650,650,675,695,695,685,700,725,720,700,706.5,700,699,710,702,715,725,739,770,750,750,755,725
"Tampa, FL",19,,700,700,712.5,700,662.5,695,700,735,743.5,700,718,725,725,725,725,700,725,725,725,725,735,742,750,750,764.5,750,750,753.5,754,760,769,764,768.5,759,749,764,780,775,761,750,749,750,750,795,795,800,800,795,795,799,825,825,810,820,825,825,825,825,845,850,856.5,895,895,895,875,895,900,895,964,954.5,959.5,950,960,975,989,995,954,985
"Baltimore, MD",20,,,,,,,,,,,,,,,,,,,,,,,1195,1274,1175,1155,1105,1085,1132.5,1121,1230,1250,1194,1192.5,1140,1169,1161,1166.5,1205,1200,1124.5,1000,1067,999.5,1000,1080,1199,1177,1149,1144,1195,1249,1250,1287,1349.5,1159,1116,1143.5,1110,1085,1117,1155,1140,1100,1142,1160,1179,1150,1145,1156,1150,1139,1175,1200,1209,1179.5,1179.5,1152,1179.5
"Denver, CO",21,,,,,,,,750,777.5,783,826.5,800,820,852.5,832.5,845,795,800,825,825,795,794,822,825,849,892,895,915,935,943.5,976,986,964,945,939.5,930,954,955,950,919,900,961.5,975,975,990,1000,1035,1025,1015,1005,1065,1108,1125,1139,1202,1200,1209,1230.5,1245,1250,1300,1278,1289,1303,1323,1326.5,1347,1350,1310,1336.5,1331.5,1335,1339,1320,1300,1315,1329.5,1300,1330
"Pittsburgh, PA",22,,,,,,,,,,,,,,,,,,,,595,575,559,589,600,625,650,695,665,669,625,595,595,579,595,600,625,650,745,750,750,700,734.5,717.5,650,650,595,625,675,695,700,749,800,795,795,799,782.5,815,800,790,775,795,805,825,850,822.5,799,775,767.5,750,800,795,903.5,899,875,890,887.5,875,865,819.5
"Portland, OR",23,,,,,,,,,,,,,,,,,,,,,795,760,765,830,795,820,819.5,830,830,830,848,858,850,850,850,825,865,905,895,910,930,970,975,1040,995,995,958,950,940,945,985,1025,1026,1095,1045,1075,1060,1095,1095,1129.5,1150,1160,1174,1150,1225,1295,1300,1300,1323.5,1420,1395,1398.5,1444.5,1405,1410,1376,1395,1395,1343
"Charlotte, NC",24,,,,,,,,,,,,,752.5,775,672.5,675,792.5,750,796,817,790,812.5,825,850,830,793,748,754,750,780,804,850,850,848,806,780,790,817.5,825,825,814,865,849,950,909,850,871,892.5,889,855,875,920,965.5,915,930,900,925,935,920,945,947,950,968,987,975,979,972,976,956,990,955,979,1090.5,1209,1097,1119.5,1120,1200,1077.5
"Sacramento, CA",25,,,,,,,,695,695,692.5,695,695,695,695,695,725,720,725,715,712.5,715,697,710,699,700,725,725,700,700,699,750,765,760,767,765,750,775,765,793,760,749,765,765,750,750,750,725,750,750,750,750,750,775,780,795,800,800,825,810,820,850,858.5,872.5,885,850,885,925,925,925,959,990,995.5,999,1050,1075,1095,1050,1025,1025
"San Antonio, TX",26,,,,,,,,,,,,650,615,600,600,598.5,616,639,650,660,629,650,670,679,715,730,695,695,689,699,730,725,708,710,699,711,715,733,750,731.5,731,729,750,770,779,779,790,800,800,800,804,775,795,788,785,780.5,775,778,785,782,790,777,775,775,779,785,795,795,800,849,849,825,820,845,825,807,825,810,825
"Orlando, FL",27,,,,,,,,637.5,647.5,635,630,695,675,672.5,700,695,695,700,708,725,700,700,740,750,750,760,755,761,769,775,773.5,751,772,764,775,777,775,799,789,795.5,784,800,795,798,792,800,800,795,795,795,800,825,825,809,835,839,815,800,830,826.5,835,850,880,880,875,907,939,949,959,1019.5,1020,1021,1008,1019,1045,1050,1049,1067.5,1048.5
"Cleveland, OH",28,,,,,,,,,649.5,590,604.5,597.5,600,595,575,579,575,575,578.5,600,585,545,575,550,575,550,565.5,566,569,575,600,600,625,635,612.5,600,605,635,620,622.5,595,605,587,550,550,550,580,575,553,550,555,575,575,550,576,575,600,625,627.5,650,725,750,730,750,750,695,675,695,665,660,685,650,675,689.5,705,675,657.5,730,725
"Kansas City, MO",29,,,,,,,,,,,,,,,,,,,,,699,685,749,689,660,678,645,625,630,600,600,635,640,617,600,604,630,631,615,643,625,645,645.5,650,655,651,649,674,651,675,685,695,650,680,689,674,673,650,675,678,713,715,750,750,759,730,755.5,750,727,750,750,730.5,790,786,784.5,766,791,797.5,786
"Las Vegas, NV",30,,,,,,,,,650,634,612,650,650,650,700,750,700,675,675,699,650,637,650,626,650,650,625,600,630,630,636,650,650,650,630,640,645,650,669,695,699,695,675,652.5,650,676.5,700,698.5,695,695,699,700,700,725,727,740,750,750,750,750,785,785,785,789.5,807,825,825,800,800,839,889,875,850,879,869,865,895,840.5,880
"Columbus, OH",31,,,,,,,,,,,,,,,,,,,,,,,,,,,,,,,,,,549,559.5,549,595,569,589,599,599,567.5,550,535,525,545,550,575,575,599,649,669,649.5,690,709,699,640,637,650,699,699,699,700,750,759,759.5,754.5,750,655,680,749,749,749,750,749,799,805,807,845
"Indianapolis, IN",32,,,,,,,,,,,,,,,,,,,597.5,642,625,580,613.5,606,600,590,550,550,529,549,585,625,599,600,577,569,599,609,601,596.5,551,550,550,602.5,635,590,582.5,560,550,550,570,566,585,575,627,611.5,606,627,626,625,639,675,714.5,712.5,725,725,704,750,747,798,774.5,770,772,790,800,803,800,790,779
"San Jose, CA",33,,,,,,,,,,,,,,,,,,,,,,,,,,,,,,,,2005,1890,1745,1736,1695,1754,1804.5,1822,1848,1838,1922,1904,1865,1840,1825,1950,1988.5,1917,1900,2010,2100,2198,2240,2260,2300,2300,2290,2305,2335,2375,2395,2425,2470,2520,2570,2589,2535.5,2501,2504,2490,2525,2505,2505,2475,2445,2450,2504,2395
"Austin, TX",34,,,,,,,,,1125,967,950,829.5,797,799,827,850,850,822,750,750,775,870,847,865,879.5,890,870,886.5,879,850,845,885,875,865,850,845,853,850,855,860,861,879,895,900,920,952.5,970,972.5,950,998,1050,985,975,999,995,999,999,1009,975,966,995,971.5,1000,980,986,1000,1025,1034.5,1040,1059,1059,1059,1065,1085,1075,1056,1069,1038,1045.5
"Virginia Beach, VA",35,,,,,,,,737.5,750,725,795,795,795,825,870,892,870,800,769,775,795,834,826,835,850,819,804,798,830.5,826,869,893,914.5,895,894,889,900,889,835,832.5,849,880,827.5,822.5,825,825,820,831,835.5,850,850,873,895,895,875,846,850,865,875,850,860,875,875,895,899,895,895,895,880,890,895,895,875,900,916,920,881,925,915
"Nashville, TN",36,,,,,,,1450,1272.5,1145,1000,1047.5,875,900,900,875,895,999.5,940,875,864,759.5,690,693,688,685,705,720,733,765,785,780.5,795,765,775,780,750,771,767,764,760,759,779,785,821.5,850,889,850,874,896.5,912.5,948.5,1030,1097.5,976,1075,1100,1150,1270,1175,1050,1050,1200,1150,1200,1100,1130,1250,1285,1300,1295,1287.5,1309,1315,1330,1318.5,1349.5,1399,1538,1380
"Providence, RI",37,,,,,,,,,,,,,,,,,,,,850,800,825,825,825,850,850,877,850,850,850,975,975,950,975,900,900,920,919.5,927,950,941,925,925,900,900,900,925,900,900,900,925,950,990,995,950,975,950,950,950,1000,1000,1000,1050,1095,1024,1000,1000,1000,975,1000,1000,995,1000,1025,1075,1147.5,1100,1100,1095
"Jacksonville, FL",38,,,,,,,,709,699,650,675,725,745,750,750,750,750,750,750,750,745,742,725,713,715,724,724,745,739,725,700,695,700,700,750,790,799,811,811,815,815,845,850,860,860,860,860,870,870,870,875,875,885,880,880,885,890,895,895,895,895,895,895,900,925,870,850,845,850,860,870,895,900,915,900,900,902.5,900,900
"Memphis, TN",39,,,,,,,,,,,,950,850,775,840,775,785,750,687.5,687.5,730,710,680,675,702,655,690,675,686,671.5,662,664,691.5,693,699,694,707,710,710,680,675,651,630,630,630,625,600,595,700,696,672,595,600,625,625,605,625,647.5,650,700,680,695,750,710,685,675,690,710,743,727,720,739,780,815,835.5,800,769,750,760
"Louisville-Jefferson County, KY",40,,,,,,,,,,,,,,,,,552.5,595,565,584,559,597,620,599.5,607.5,625,635,670,650,650,669,679,691,695,700,684.5,700,715,655,655,655,655,650,650,670,650,689,650,700,750,759,799,775,795,770,749,700,700,709.5,700,695,695,715,737,750,734,731.5,732,720,755,725,749,755,800,794,795,795,842.5,798.5
"Hartford, CT",41,,,,,,,827.5,827.5,850,850,850,850,850,847.5,862.5,862.5,837.5,835,800,795,800,795,775,775,795,872.5,863,880,897.5,875,900,900,900,900,890,875,895,900,900,875,875,875,860,832,832,825,900,900,900,875,875,865,875,875,885,900,900,875,875,900,900,950,950,925,925,925,950,975,975,950,950,950,950,975,993.5,985,988.5,995,985
"Richmond, VA",42,,,,,,,,,,,,,,,,,,,,,,,793.5,800,800,835,842.5,833,868,850,825,830,810.5,808,810,815,810,828,825,865,865,795,795,848,849,784,825.5,869,861,850,860.5,850,870,867,879,872.5,857,875,860,875,877,889.5,895,894,875,908.5,995,999.5,975,1075,950,950,950,950,975,975,952.5,979,960
"New Orleans, LA",43,,,,,,,,,,,,,,,,,,,,,,,,,,,,,,,,,,,,,,,,,,,,,,,,,,,,,,,,,,,,,,,,,,,1235,1200,1100,1097.5,1050,1050,1100,1100,1150,1195,1181,1100,1087
"Buffalo, NY",44,,,,,,,,,,,,,,,,,,,,,,,,,,,,,,,,,,,,,,,,,,,,,,,,,,,,,,,,825,825,775,775,787.5,790,845,910,875,894.5,1000,1000,950,950,935,1000,997.5,965,1050,1095,950,950,895,825
"Raleigh, NC",45,,,,,,,,,,,,657.5,650,650,699.5,699,695,697.5,700,725,735,745,725,750,729.5,756,775,775,759,750,780,775,760,743,765,745,743.5,754,775,811,818,815,830,846,825,780,800,825,825,825,811,820,833.5,830,837,829,819,800,827,820,825,835,839,855,870,855,895,899,925,1015,1010.5,1011,1005,1030,1005,1029,1043.5,1035,1019
"Birmingham, AL",46,,,,,,,,,,,,,625,625,635,625,625,625,625,625,625,650,675,695,675,705,710,700,675,667,690,690,695,695,695,675,695,690,685,675,685,675,675,675,675,685,684,675,675,675,675,680,685,695,695,699.5,700,725,715,700,695,697.5,700,732,729,750,755,795,795,800.5,750,760,750,735,762.5,753,755,755,725
"Salt Lake City, UT",47,,,,,,,,,,,,,,,,,,,,,,650,659,699,699,729,711,739,739,729,737,799,749,749,749,749,749,750,749,739,719,725,715,699.5,695,695,695,704,700,700,700,700,699,699,702,712.5,710,700,709,710,720,730,750,750,750,767,770,765.5,800,822.5,835,845,850,850,850,900,800,800,800
"Rochester, NY",48,,,,,,,,,,,,,,,,,,,650,660,660,640,645,650,630,682.5,650,650,675,670,650,695,645,697.5,739,720,722.5,682.5,675,670,700,735,752.5,750,765,800,820,750,775,750,750,675,697.5,735,730,725,745,750,750,695,712.5,735,730,745,750,750,725,725,725,722.5,725,725,745,745,750,750,760,787.5,750
"Grand Rapids, MI",49,,,,,,,,,,,,,,,,,,,,,,524,525,525,525,525,525,535,512.5,525,532,550,579,595,569,569,551,555,575,595,594,613,595,600,609,609,609,625,634,617,650,665,635.5,685,650,649.5,650,672.5,665,660,650,660,660,680,665,665,650,650,675,698.5,694,662.5,722,774,763,775,787.5,800,800
"Tucson, AZ",50,,,,,,,,,,,647,537.5,525,525,555,585,549,530,550,550,525,515,549.5,525,525,525,539,539,549,529,549,539,539,544.5,539,525,527,529,530,530,520,525,525,499,499,495,500,515,525,525,545,534,550,525,565.5,550,527.5,530,525,525,536,532,550,550,550,550,535,535,545,610,569,570,569,575,575,569,549.5,575,589.5
"Urban Honolulu, HI",51,,,,,,,,,,,,,,,,,,,,1400,1400,1377.5,1362.5,1397.5,1400,1450,1462.5,1500,1450,1497.5,1435,1450,1400,1500,1500,1500,1500,1550,1600,1575,1600,1550,1550,1500,1450,1500,1545,1522.5,1500,1450,1475,1610,1650,1522.5,1500,1500,1450,1550,1650,1700,1750,1750,1750,1750,1800,1800,1750,1650,1650,1650,1650,1680,1650,1695,1700,1750,1600,1550,1600
"Worcester, MA",52,,,,,,,,,,,,,,,,,,,,,,,,,,,,,,,,1070,998,998.5,900,889.5,900,899,935,975,950,850,850,800,750,795,825,850,875,850,850,825,850,850,900,945,950,895,875,850,850,850,925,950,892.5,900,895,860,900,900,900,950,925,950,990,995,950,950,950
"Stamford, CT",53,,,,,,,,,,,,,,1500,1495,1500,1500,1450,1425,1400,1400,1395,1362.5,1400,1425,1549,1550,1525,1500,1500,1525,1500,1550,1600,1620,1705,1700,1686,1686,1650,1569,1700,1595,1450,1460,1427.5,1450,1450,1475,1450,1497.5,1595,1577.5,1600,1650,1550,1566.5,1522.5,1500,1600,1595,1599.5,1600,1600,1682.5,1665,1675,1699,1650,1695,1680,1672.5,1725,1700,1725,1750,1695,1600,1560
"Albuquerque, NM",54,,,,,,,,,,,,,,,,,,,,,,,,,,650,600,594,600,600,625,645,610,610,619.5,610,604,625,625,625,608,600,599,597,595,570,597,570,549,549,565,575,575,591.5,595,575,600,600,595,595,605,595,588.5,660,660,662.5,675,664,658,660,700,748,699.5,709.5,709.5,710,658,658,658.5
"Albany, NY",55,,,,,,,,,,,,,,,,,,,,,800,782.5,845,877.5,885,850,867.5,840,840,850,850,855,852,855,850,850,850,850,827.5,850,870,892.5,875,875,875,860,865,860,870,870,865,850,857,875,880,860,905,975,980,975,927.5,922.5,925,950,950,950,990,987.5,960,930,930,950,925,910,942.5,937.5,982.5,925,925
"Omaha, NE",56,,,,,,,,,,,,,,,,,,,,539,539,540,550,539,555,595,577,579,575,575,595,599.5,600,595,595,600,605,620,615,619,613.5,650,625,655,705,655,607.5,680,685,680,700,695,695,660,669.5,665,670,600,675,700,740,785,750,720,735,730,745,750,739.5,750,755,745,750,750,754,750,750,745,734
"New Haven, CT",57,,,,,,,950,950,900,900,925,1000,995,1000,1000,1080,1000,962.5,1000,1000,999,958.5,970,975,975,999,1000,995,1000,1000,1000,1000,992.5,950,950,950,950,960,985,1020,950,999,950,950,985,995,950,944.5,950,925,950,950,975,1000,950,950,950,970,950,950,950,982.5,1000,1000,1000,1000,1050,1000,987.5,1050,999,997,1000,1100,1100,1100,1100,1110,1097
"Bakersfield, CA",58,,,,,,,,,,,,,,,,,,,,,,,,,,,,,550,538.5,585,595,620,620,600,600,600,630,625,600,600,600,600,567,559,595,565,595,600,625,622.5,625,625,617.5,600,600,575,595,600,600,600,600,562.5,600,600,615,595,595,600,595,575,575,575,602.5,600,612.5,600,595,595
"Knoxville, TN",59,,,,,,,,,,,,,,,,,,,,,,,,,,,,,,,,,650,635,635,650,621,599,597.5,599,609,677,706,699,600,594.5,600,600,595,595,644.5,715,700,690,660,635,635,605,615,625,620.5,650,650,674.5,725,725,700,745,699,707.5,703.5,680,675,669,700,725,682.5,716.5,695
"Ventura, CA",60,,,,,,,,,,,,,,,,,,1200,1250,1255.5,1255.5,1258,1197.5,1309,1300,1300.5,1268,1300,1309,1284.5,1325,1326.5,1325,1383.5,1405,1384,1424,1401.5,1419,1364,1334.5,1412.5,1419.5,1350,1350,1296,1425,1383,1330.5,1350,1383,1497.5,1475,1479,1462,1475,1475,1475,1500,1500.5,1551,1550,1524,1580,1569,1581.5,1580,1570,1552.5,1566,1570.5,1591,1600,1642,1626,1656,1623,1650,1648
"Allentown, PA",61,,,,,,,,,,,,675,675,675,685,675,675,700,700,675,772.5,877.5,795,825,850,900,897.5,975,810,775,750,790,749,750,700,700,730,750,750,775,725,725,700,700,699.5,697,700,720,715,712.5,722.5,745,700,725,735,750,750,750,750,750,750,775,780,795,782.5,775,750,749,772.5,795,850,850,800,795,799.5,910,823.5,805,800
"El Paso, TX",62,,,,,,,,,,,,,,,,,,,,,,,,,,,,,,550,622,563,495,500,550,575,575,599,600,600,611.5,600,593,575,575,550,579,550,550,525,525,525,560,525,602.5,615,605,650,590,600,626,675,680.5,675,623.5,617,575,550,530,595,563,585,588,600,628,645,595,608,618
"Baton Rouge, LA",63,,,,,,,,,,,,,,,,,,,,,,,,,,,,,,,,,,,,,,,,,,,,,,,,,,,,,,,,,,,,,,,,,,,,894.5,810,799,835,925,885,929,904.5,999,900,904.5,880
"Columbia, SC",64,,,,,,,,,,,,,,,,,,,,,,,,,,,,,,,,,,,,,,,,,,,,,,,845,849,750,697.5,750,725,795,850,869,841.5,746.5,750,755,779,815.5,795,752.5,705,795,795,765,775,785,790,780,785,735,775,775,815,725,785,750
"Greensboro, NC",65,,,,,,,,,,,,,,,,,,,,,,,,,,,,,,,,,,,,,,,,,,,,,,,,,475,500,527,550,550,550,525,477.5,475,525,560,525,502,550,550,522.5,549.5,550,575,575,550,575,562.5,575,595,600,625,605,608.5,650,599.5
"Akron, OH",66,,,,,,,,,,,,,,,,,,,,,,,,,,,,550,550,550,629,612,570,627,587,579,587,605,579,600,600,612.5,587,510,525,525,550,600,550,600,600,525,530,545,535,500,525,505,505,505,500,502.5,537.5,545,550,525,525,525,540,560,600,607.5,585,630,575,610,600,637.5,599.5
"North Port-Sarasota-Bradenton, FL",67,,,,,,,,,,,,,950,900,950,850,850,850,845,875,850,800,810,850,877.5,899,900,900,900,900,899,900,875,863,825,795,831,875,875,872,872,950,825,900,1000,1000,991.5,1000,963,950,921.5,997.5,957.5,950,950,1000,1000,1000,1009,1000,1000,990,1000,972.5,1000,1016.5,1050,1084,1080,1200,1300,1220,1249.5,1217,1155,1166.5,1113,1098,1150
"Little Rock, AR",68,,,,,,,,,,,,,,,,,,,,,,,,,,,,,685,655,665,660,680,652,651.5,657.5,690,695,680,690,712,692,637.5,577.5,560,576,590,627.5,595,572.5,551.5,575,600,647.5,613,600,597.5,595,650,664,605,612,600,633,610,615,619.5,650,655,650,665,652.5,635,635,660,636,660,660,643
"Stockton, CA",69,,,,,,,,,,,,,,,,,,,,,,,,,,,,,,,,,,,,,575,595,575,575,550,550,575,525,595,595,575,550,571,550,560,575,562,575,595,625,695,625,637.5,625,662.5,677.5,675,665,695,650,675,695,675,695,700,725,750,800,825,800,800,750,797.5
"Charleston, SC",70,,,,,,,,,,,,842.5,842.5,885,897.5,900,850,850,900,850,875,870,825,855,890,890,871,900,861,890,937,913,900,900,880,900,869.5,905,920,967.5,1000,1000,1017,1100,1025,1000,1060,1100,1100,1100,1070,1100,1100,1100,1050,995.5,1085,1070,1070,1085,1112,1147.5,1112,1075,1097.5,1100,1136,1200,1199.5,1172.5,1200,1193,1195,1228,1177.5,1262,1207,1250,1214
"Syracuse, NY",71,,,,,,,,,,,,,,,,,,,,,,,,,,,,,,,,,,,,,,,,,,,,,625,670,672.5,670,625,650,600,650,625,647.5,670,700,662.5,695,735.5,727.5,700,695,731.5,731.5,769,743,700,739,772,700,700,734,700,742,700,750,722.5,750,700
"Colorado Springs, CO",72,,,,,,,,,,,,,,,,,,630,650,695,625,597,666,697,725,699,650,625,640,635,625,650,694,695,699,640,652.5,660,675,697,690,685,650,550,582,595,632.5,650,635,645,645,645,665,650,671.5,699,694,650,650,634.5,650,650,650,645,695,679.5,699,695,675,702.5,699,700,720,790.5,800,745,725,826.5,720
"Wichita, KS",73,,,,,,,,,,,,,,,,,,,,,,,,,,,,,425,437.5,425,405,460,482,460,450,475,492.5,467.5,489.5,497,495,470,502.5,509,440,509,450,435,435,435,445,450,475,540,497.5,525,585,575,525,525,510,510,525,522,495,460,475,475,517,504,471,465,475,485,491.5,502,545,515
"Springfield, MA",74,,,,,,,,,,,,,,,,,,,725,725,755,741,837.5,812.5,832.5,791,845,835,825,783,800,800,800,795,780,750,775,750,750,775,775,775,775,775,766,725,750,775,750,750,757,785,775,750,775,800,825,800,825,780,775,795,800,800,825,850,850,837.5,850,850,800,850,875,850,850,875,850,895,825
"Fort Myers, FL",75,,,,,,,,,,,,,700,724.5,750,677.5,650,675,625,650,608,632,625,565,600,600,600,650,639.5,650,650,650,650,650,625,635,625,667,685,684.5,680.5,687.5,650,650,675,680,728,702,702,716,723,730,771,779,806,798.5,800.5,799.5,775,801,850,850,850,825,850,883,896,900,950,941,973,950.5,978,965,968,957,997.5,999,987
"Boise City, ID",76,,,,,,,,,,,,,,,,,,,,,,,,550,570,562.5,550,550,550,550,550,570,575,575,591,585,585,620,600,620,590,595,580,550,525,550,537.5,525,525,525,550,567.5,550,595,550,575,595,595,595,595,625,625,625,595,595,625,650,650,650,650,645,675,712.5,682,685,650,675,667,650
"Toledo, OH",77,,,,,,,,,,,,,,,,,,,,,449,449,484.5,435,495,495,450,450,475,460,444.5,447.5,450,480,480,467.5,475,479,467.5,449,449.5,445,445,440,440,435,437.5,435,440,437.5,435,477,475,479,475,437.5,459.5,450,450,450,450,475,479,459,475,422.5,425,465,480,500,490,485,450,462.5,435,435,415,452.5,475
"Daytona Beach, FL",78,,,,,,,,,,,,,674,679,682,669,670,675,650,650,675,670,667.5,650,695,679.5,675,679,690,675,650,690,680,700,674,653,700,700,700,750,717,749.5,695,725,727,761,700,695,695,661.5,667.5,681.5,695,665,705,700,700,700,688,700,695,690,699,749.5,712.5,700,750,750,750,750,725,725,772.5,800,785,797.5,800,783,807
"Des Moines, IA",79,,,,,,,,,,,,,,,,,,,,,,,,,,,,,,,,,,,,,,,,,,,,,,,669,650,700,700,700,695,628,600,665.5,750,750,850,865,842.5,763.5,757,810,757,757,750,757,757,757,841,790,800,815,820,849,757,757,785,825
"Youngstown, OH",80,,,,,,,,,,,,,,,,,,,,,,,,,,,,,,,,,,,,,,,,,,,,,,,,,,,,,,,,,,,,,,,,539.5,500,499.5,494.5,485,475,495,497,505,505,505,502.5,505,500,510,505
"Augusta, GA",81,,,,,,,,,,,,,,,,,,,,,,,,,,,,,,,,,,,,,,,,,,,,,,590,663,685,675,693,687.5,715,676,653,684.5,719,657.5,695,691,633,650,650,650.5,650,650,650,685,736,715,730,775,785,770.5,725,740.5,700,690,650,695
"Scranton, PA",82,,,,,,,,,,,,,,,,,,,,,,,,,,,,,,,,,,,,,,,,,,,,,,,,537.5,537.5,550,550,537.5,550,550,550,575,550,587.5,585,550,550,575,610,600,600,600,530,537.5,575,600,600,600,600,675,600,655,700,695,625
"Harrisburg, PA",83,,,,,,,,,,,,,,,,,,,550,562.5,585,597.5,585,620,620,620,645,675,625,610,595,597,595,637.5,635,654,665,650,650,650,650,625,625,625,650,650,650,650,650,650,650,650,620,625,640,635,640,625,655,685,725,712.5,710,725,730,795,750,725,725,690,685,697,702.5,710,800,895,800,735,827.5
"Melbourne, FL",84,,,,,,,,670,625,600,600,600,600,600,600,600,600,600,650,650,625,600,600,595,590,580,600,600,600,600,625,620,650,619,600,595,625,600,625,603,630,650,650,675,695,625,635,617.5,650,650,675,702,700,700,690,662.5,695,700,700,695,670,700,700,700,700,700,750,725,700,700,697.5,725,800,925,900,877.5,880,1000,900
"Chattanooga, TN",85,,,,,,,,,,,,,,,,,,,,,,,,,,,,,,,,,,,,,,,,,,,,,,,,,,,,,,,,,,,650,710,700,695,717,750,742.5,800,763.5,758,803,796,850,887,892.5,857.5,826,738,765,695,800
"Spokane, WA",86,,,,,,,,,,,,,,,,,,,,,,,485,495,550,550,550,550,512.5,497.5,500,512.5,550,550,585,566,576,575,575,575,530,550,540,485,475,500,525,510,512.5,525,525,530,525,560,575,545,545,560,590,585,585,585,590,550,565,575,585,575,580,575,650,645,600,600,600,650,600,650,650
"Lancaster, PA",87,,,,,,,,,,,,,,,,,,,,,,,,,,,,,,,,,,,,,,,,,625,625,625,575,602.5,580,615.5,625,625,625,625,620,635,625,662.5,745,725,650,650,650,650,675,695,695,700,658,650,675,662.5,675,658,675,695,707,750,772.5,695,695,695
"Portland, ME",88,,,,,,,,,,,,,,,,,,,,,,,,,,,,,,,,,,,,,,,,,,,,,,,,,,,,,,,,,,,,,,,,1250,1075,1025,1050,1100,1050,1100,1055,1100,1150,1060,1175,1140,1100,1115,1125
"Durham, NC",89,,,,,,,,,,,,,,,,,,,,,,,625,625,662.5,675,675,672.5,675,695,795,790,802.5,822,825,822.5,800,799.5,809,819.5,797,795,784,840,780,752.5,769,767.5,785,789,799,804,815,789,755,755,760,750,785,820,845,865,815,839,850,848,892.5,913,939,999,1000,1002.5,1036,1085,1030,1070,1092,996,1100
"Santa Rosa, CA",90,,,,,,,,,,,,950,950,975,962.5,947.5,995,985,950,975,955,950,950,950,955,950,980,1050,990,999,1100,1160,1156,1155,1155,1137,1189,1195,1195,1204,1150,1150,1100,1000,1012.5,1150,1199,1150,1000,1000,1100,1195,1197.5,1275,1374,1300,1250,1300,1391,1383,1389,1391.5,1500,1404.5,1426,1500,1500,1500,1529,1599,1633,1604,1599,1621,1579,1692,1550,1500,1688
"Lexington, KY",91,,,,,,,,,,,,,,,,,,,,,617.5,640,635,620,615,630,655,635,650,650,635,640,645,645,595,590,640,650,654.5,652,654,612.5,580,575,614.5,668,630,590,625,625,650,695,671.5,730,759,728.5,719,680,680,650,632,650,685,719,719,719,719,720,640,730,735,735,740,737.5,722,728.5,739.5,795,750
"Lansing, MI",92,,,,,,,,,,,,,,,,,,,,540,525,539,550,550,550,540,545,535,550,559,547,549,550,550,550,550,570,580,570,575,570,559,550,549,549,550,540,545,550,549,550,550,557,600,597.5,587.5,600,559,575,550,550,567.5,575,571.5,587,560,570,600,595,588,591.5,580,599.5,600,617.5,600,627.5,642.5,675
"Pensacola, FL",93,,,,,,,,,,,,,,,,,550,572.5,550,525,529,575,575,597,590,589,562.5,525,525,525,535,550,590,590,575,585,590,600,590,590,590,590,605,575,575,550,514.5,495,550,550,565,575,600,600,600,650,650,650,675,650,637.5,670,679,675,675,685,675,675,650,700,695,700,697.5,787.5,725,735,795,800,745
"Springfield, MO",94,,,,,,,,,,,,,,,,,,,,,414,401.5,392.5,410,410,450,420,400,420,417.5,422.5,445,450,435,442.5,435,439,450,435,450,450,450,450,450,425,449,450,450,449,449,450,450,475,475,475,450,450,450,450,475,475,475,475,475,462.5,450,450,455,455,485,459,457,495,495,495,485,495,450,495
"York, PA",95,,,,,,,,,,,,,,,,,,,,,,,,,,,,,,,,,,,,,,,,,,,,,,,,650,595,595,595,637.5,595,550,575,575,545,575,575,580,585,600,595,650,630,625,625,625,625,625,625,635,600,600,635,675,595,675,637.5
"Corpus Christi, TX",96,,,,,,,,,,,,,,,,,,,,,,,,,,,,,,,,,,,,,,,,,,,,,,,809.5,925,834.5,850,909,895,850,825,805,854.5,849,805,850,810,796,800,799,782.5,790,795,800,802.5,880,909,950,989,925,889,939,929,859,895,939
"Reno, NV",97,,,,,,,,,,,,590,565,549.5,525,525,512.5,525,539,587.5,599,570,575,570,550,575,592,589,550,575,575,575,550,550,550,595,596,595,592,560,560,600,599,595,550,595,535,550,550,550,560,580,550,550,595,595,595,600,595,599,600,625,625,600,599,600,625,650,625,650,695,650,695,675,695,695,675,700,695
"Asheville, NC",98,,,,,,,,,,,,,,,,,,,,,,,,,,,,,,,,,,,,,,,,,,,,,,,,700,700,700,700,700,650,650,705,675,710,710,700,730,845,885,815,850,799,800,892.5,855,883.5,912.5,895,853.5,842.5,895,840,899.5,810,850,870
"Port St. Lucie, FL",99,,,,,,,,,,,,,,,,,,,,,,,,,,,,,,,,,,,,,,,,,,,,,,,,,,,,,950,1012.5,1012.5,1000,1025,970,900,854,854,875,875,899,950,925,950,950,900,905,949,1000,1000,1000,985,1000,1088,1104.5,1022.5
"Santa Maria-Santa Barbara, CA",100,,,,,,,,,,,,,,,,,,,,,,,,,,,,,,,,,,,,,,,,,,,,,,,,,,,,,,,,,,,,,,,1600,1725,1725,1650,1800,1750,1725,1804.5,1737.5,1721,1695,1695,1695,1725,1695,1750,1695
"Huntsville, AL",101,,,,,,,,,,,,,,,,,,,,,,,,,,,,,,,,,,,,,,,,,,,,,,,,,,,,600,600,614.5,547.5,525,482.5,500,500,500,425,435,425,430,435,440,440,445,427.5,495,500,499,519,575,600,519,524,475,559
"Salinas, CA",102,,,,,,,,,,,,,,,,,,,,1000,956.5,942,954,925,934,955,959,972,986.5,989,973,969,971,923,922,949,941.5,995,977,963.5,994.5,1009,999,995,997.5,968,975,995,975,995,1000,1025,1025,1000,1053.5,1025,1025,1026,1048.5,1061.5,1087,1123,1178.5,1204.5,1195,1182,1168,1181.5,1201,1221,1224.5,1310,1299,1287,1275,1300,1325,1187,1293
"Vallejo, CA",103,,,,,,,,,,,,,775,750,725,725,750,750,750,775,795,795,750,797.5,800,825,825,835.5,825,825,825,875,895,895,890,885,899,900,925,891,891,891,895,837.5,850,850,980,950,850,850,850,987.5,950,1000,995,985,1040,1040,1149,1100,1200,1200,1200,1121.5,1205,1266,1307,1250,1400,1494,1500,1475,1528,1450,1450,1444,1478.5,1424,1495
"Beaumont, TX",104,,,,,,,,,,,,,,,,,,,,,,,,,,,,,,,,,,,,,,,,,,,,,,,,,,,,,,,,,,,,,,,,622.5,575,537.5,525,525,525,606,606,606,606,606,625,625,624.5,612,612
"Manchester, NH",105,,,,,,,,,,,,799,829,829,800,817,829,800,809,809,809,809,804.5,809,819,829,829,829,800,809.5,900,900,900,900,900,900,900,900,900,900,900,881,892,875,875,850,875,879,890,875,895,875,875,884.5,900,900,879,895,895,900,895,899,914,900,925,909,909,895,889,897.5,884.5,900,925,949,959,950,950,964,925
"Anchorage, AK",106,,,,,,,,,,,,,,,,,,,,,,,,,,,,,,,,,,1000,890,954,992,1002.5,991,992,995,993.5,1000,950,955,979,1052.5,1042.5,935,925,900,985,985,947.5,950,995,897.5,995,945,950,947.5,950,995,949.5,949,912.5,925,950,900,900,959,927,925,927,912.5,950,899.5,937.5,895
"Davenport, IL",107,,,,,,,,,,,,,,,,,,,,,,,,,,,,,,,,,,,,,,,,,,,,,,,,,,,,,,750,662.5,625,600,650,595,550,550,550,575,635,645,695,580,600,575,650,612.5,597.5,600,595,584.5,600,587.5,609,600
"Peoria, IL",108,,,,,,,,,,,,,,,,,,,,,,,,,,,,,,,,,,,,,,,,,,,,,,,,,,,,,,,,,,,,,,,,,,,550,550,575,575,575,575,550,562.5,575,562.5,596.5,580,575
"Myrtle Beach, SC",109,,,,,,,,,,,,,,,,,,,,,,,,,,,,,,,,,,,,,,,,,,,,,695,700,675,695,697.5,675,675,675,675,700,700,795,797.5,697.5,672.5,675,725,725,700,697.5,695,750,785,767.5,785,750,750,750,775,790,775,800,792.5,780,792.5
"Tallahassee, FL",110,,,,,,,,,,,,,,,,,,,,,,,620,627.5,650,650,625,650,650,650,705,647.5,670,685,625,649,670,685,684.5,679,650,595,575,529.5,525,550,550,550,550,560,555,560,550,550,500,557.5,550,597.5,567.5,599.5,550,575,597,599,597,600,600,617,550,565,637,625,625,625,650,630.5,625,615,575
"Fayetteville, NC",111,,,,,,,,,,,,,,,,,,,,,,,,,,,,,,,,,,,,,,,,,,,,,,659,649,649,659,635,649,649.5,687,699,659,619,619,649.5,619,594,597.5,575,575,585,615,585,525,550,550,530,515,517.5,485,537.5,585,600,585,585,579
"Eugene, OR",112,,,,,,,,,,,,,,,,550,575,575,585,550,525,535,550,555,555,595,585,565,575,560,565,550,575,590,585,575,595,595,595,590,572.5,597.5,595,600,590,595,610,565,597.5,625,625,650,625,625,625,585,595,625,625,575,595,625,645,645,675,675,650,650,625,725,695,705,720,725,795,770,699,725,695
"Savannah, GA",113,,,,,,,,,,,,757.5,750,750,750,750,800,775,780,800,765,784.5,790,792.5,799,788.5,789,800,812,800,825,830,829,835,822.5,810,835,839,842.5,855,850,860,859,895,887,850,850,850,825,850,895,935,946.5,913,859,895,906,885,896.5,875,895,905,932.5,950,950,899,895,895,895,852.5,850,852.5,855,902.5,910,884.5,870,900,900
"Ann Arbor, MI",114,,,,,,,,,,,,,,,,,,,,,,,,,,,,,,,,,,,,,,,,,,,,,,,,,,,,,,,,,,,,,,,,1030.5,1099.5,1000,1000,1050,1049,1070,1050,1025,980,990,1047,1029,1057.5,980,1095
"South Bend, IN",115,,,,,,,,,,,,,,,,,,,,,,,,,,,,,,,,,,,,,,,,,,,,,,,,,,,,,,,,,,,,,,,,,,,575,539,532,535,550,512.5,555,580,580,580,530,580,584
"Evansville, IN",116,,,,,,,,,,,,,,,,,,,,,,,,,,,,,,,,,,,,,,,,,,,,,,,,,,,,,465,475,475,465,465,465,465,465,475,475,465,465,465,465,475,475,475,475,475,475,475,475,490,497.5,450,492.5,457.5
"Roanoke, VA",117,,,,,,,,,,,,,,,,,,,,,,,,,,,,,,,,,,,,,,,,,,,,,,,,,,,,,,,,,,,,,,,,,,,,732.5,749,732.5,663,682,637.5,650,725,790,670,745,719
"Lincoln, NE",118,,,,,,,,,,,,,,,,,,,,,,,,,,,,,,,,,,665,677.5,695,705,700,675,715,685,680,700,725,715,715,700,700,700,677.5,694.5,727.5,720,737.5,750,715,717.5,750,750,725,730,710,725,750,750,777.5,790,772.5,735,735,747.5,740,750,775,800,797,729.5,722.5,750
"Fort Collins, CO",119,,,,,,,,,,,,,,,,,,,,,,,,,,,,,,,,,,,,,,,,,,,,,,,,,,,,,,,,,,,,,,,995,997,1005,930,999,1095,1105,1180,1138,1116,1145,1170.5,1145,1030,1101,1072.5,1052.5
"Columbus, GA",120,,,,,,,,,,,,,,,,,,,,,,,,,,,,,,,,,,,,,,,,,,,,,,,,,,,,630,667.5,715,682.5,607.5,690,595,675,682.5,670,675,713,713,725,705,720,675,699,714.5,721,750,720,731,732.5,731,725,725,676
"Boulder, CO",121,,,,,,,,,,,,,,,,,,,,,,,,961,1010,1010,1002,1027.5,1022,1000,1016,1050,1050.5,975,995,999,999,1098,1029,1045,1070,1098.5,1135,1195,1135,1131,1107,1075,1095,1095,1110,1195,1195,1190,1200,1370,1270,1290,1422.5,1350,1370,1295,1275,1247,1314,1375,1442,1470,1375,1299,1304,1349.5,1350,1392,1364,1375,1400,1379,1400
"Lubbock, TX",122,,,,,,,,,,,,,,,,,,,,,,,,,,,,,,,,,,,,,,,,,,,,,,,,,,,,,,,,,,,,,550.5,635,635,635,608,596,600,558,558,575,575,575,603,601,575,576,590,604,588.5
"Duluth, MN",123,,,,,,,,,,,,,,,,,,,,,,,,,,,,,,,,,,,,,,,,,,,,,,,,,,,,,,,677.5,695.5,687.5,690,697.5,695,695,725,705,715,747,732.5,750,735,725,705,725,700,715,700,672.5,675,700,725,750
"Atlantic City, NJ",124,,,,,,,,,,,,,,,,,,,,,,,,,,,,,,,,,,,,,,,,,,,,,,,,,,,,,,,,,,,,,,,1250,1250,1200,1200,1065,990,950,995,1000,1000,1075,1160,1150,1100,1000,1000,950
"New London, CT",125,,,,,,,,,,,,750,775,800,750,750,800,800,837.5,822.5,810,800,795,800,795,820,875,850,812.5,795,825,825,800,800,822.5,812.5,825,821,800,810,850,800,800,847,825,800,800,850,850,850,825,850,875,875,870,825,850,867.5,850,800,847.5,825,845,825,847.5,900,895,950,950,950,950,900,900,875,925,900,872.5,850,875
"Cedar Rapids, IA",126,,,,,,,,,,,,,,,,,,,,,,,,,,,,,,,,,,,,,,,,,,,,,,465,465,450,425,425,425,430,425,425,415,435,430,425,435,445,465,475,465,445,450,447.5,465,454,450,465,480,495,495,495,460,495,475,495,480
"Wilmington, NC",127,,,,,,,,,,,,,,,,,,,695,715,650,615,675,650,650,639.5,675,696,657.5,635,667,689,709,688,637,669,673,713,723,695,709,750,675,750,750,700,725,700,750,749,749,749,707.5,700,699.5,735,747,745,749,720,775,787,770,759.5,735,735,760,768,769,750,775,800,847,850,836.5,809,824.5,832,865.5
"Olympia, WA",128,,,,,,,,,,,,,,,,,,,,,,,,,,,,,,,,,,,,,,,,,,,,,,920,880,847.5,895,905,900,870,850,850,865,904,984,877.5,864,950,950,950,921,913,917,912.5,900,900,875,891,903,915.5,845,875,895,917,935,900,930
"Hagerstown, MD",129,,,,,,,,,,,,,,,,,,,,,,,,,,,,,,,,,,,,,,,,,,,,,,,600,550,575,575,625,600,595,625,625,600,610,617.5,600,600,610,600,600,625,612.5,600,600,575,575,612.5,600,600,600,600,650,600,610,650,612.5
"Champaign-Urbana, IL",130,,,,,,,,,,,,,,,,,,,,,,,,,,,,,,,,575,575,575,565,595,575,570,565,570,570,575,545,545,572.5,599,595,572.5,575,585,597.5,575,550,550,550,562.5,600,600,557.5,590,592.5,600,600,595,575,555,585,585,595,595,582.5,595,597,599,599,599,600,597,600
"Tuscaloosa, AL",131,,,,,,,,,,,,,,,,,,,,,,,,,,,,,,,,,,,,,,,,,,,,,,,,,,,,,,,,,,,,,,,,,,,722.5,709,709,662,699,675,650,675,734,687,734,734,734
"Sioux Falls, SD",132,,,,,,,,,,,,,,,,,,,,,,,,,,,,,,,,,,,,,,,,,,,,,,,,,,,,,,,,,605,622.5,627.5,687.5,690,692.5,715,705,675,627.5,685,727.5,715,795,740,750,790,800,715,740,707.5,745,702.5
"Chico, CA",133,,,,,,,,,,,,,,,,,,,,,,,,,,,,,,,,,,,,,,,,,,,,,,,,,,,,,,,,,,,,,,680,625,640,695,710,725,727.5,725,695,657.5,700,722.5,680,697.5,700,710,750,765
"Charlottesville, VA",134,,,,,,,,,,,,,,,,,,,,,,,,775,800,800,780,795,850,805,797.5,785,800,799,830,840,865,862.5,900,850,882.5,895,850,900,950,979,897,800,795,800,850,920,920,899,887.5,895,850,785,775,844,840,837.5,875,875,920,895,925,895,900,900,900,900,950,900,912.5,850,925,911,910
"Tyler, TX",135,,,,,,,,,,,,,,,,,,,,,,,,,,,,,,,,,,,,,,,,,,,,,,,,,,,,,816,757,700,718.5,720,752,773,782,794,799,745,770,739.5,745,679,689,727,703.5,667.5,699,669,728,755,746.5,760,719.5,750
"Lafayette-West Lafayette, IN",136,,,,,,,,,,,,,,,,,,,,495,495,495,495,497.5,512.5,525,550,575,525,500,500,550,550,544,550,575,585,612.5,600,575,550,552,573.5,550,550,550,550,550,550,549.5,550,595,600,585,539,550,539,595,597,600,613,616,600,595,595,575,575,550,580,575,595,585,595,585,630,580,575,562.5,560
"Bellingham, WA",137,,,,,,,,,,,,,,,,,,,,,,,,,,,,,,,,,,,,,,,,,,,,,,,,,,,,,,,,,,,,713.5,785,765,835,785,760,725,850,850,910,915,900,900,850,795,850,845,850,800,837.5
"Torrington, CT",138,,,,,,,,,,,,800,800,800,825,800,750,750,785,795,825,807.5,800,800,800,775,750,785,797.5,800,850,850,847.5,850,800,800,800,800,797.5,875,875,900,875,850,800,800,790,775,795,800,800,800,800,795,845,845,825,800,800,800,795,750,850,800,752.5,820,850,850,787.5,727.5,710,800,780,750,750,752.5,750,800,750
"Bloomington, IN",139,,,,,,,,,,,,,,,,,,,,,,,,,790,820,865,955,925,837.5,879,867,840,825.5,817,797.5,797.5,821.5,843,823,775,735,620,620,667.5,750,750,750,665,665,700,750,767.5,800,800,800,750,675,675,680,730,730,777.5,675,675,662.5,660,705,765,675,700,680,675,667,675,725,675,717.5,789.5
"Billings, MT",140,,,,,,,,,,,,,,,,,,,,,,,,,,,,,,,,,,,,,,,,,,,,,,,,,,595,595,550,550,525,575,575,575,565,562.5,550,550,595,612.5,585,585,585,575,550,555,575,550,559.5,590,585,597.5,585,575,550,595
"Grand Junction, CO",141,,,,,,,,,,,,,,,,,,,,,,,,,,,,,,,,,,,,,,,,,,,,,,,,,,,,,,,,,,,,,,,,,550,550,550,550,550,600,597.5,595,600,600,575,600,595,562.5,545
"Lawton, OK",142,,,,,,,,,,,,,,,,,,,,,,,,,,,,,395,395,425,395,450,475,475,450,445,395,435,395,425,450,425,385,350,350,350,350,350,350,375,350,375,375,395,447.5,450,447.5,430,450,445,450,437.5,425,447.5,450,450,450,470,450,450,450,475,455,450,450,462.5,509,450
"Missoula, MT",143,,,,,,,,,,,,,,,,,,,,,,,,,,625,635,635,635,650,650,657.5,675,695,665,615,595,613,600,645,645,635,645,635,625,625,625,625,620,617.5,645,650,650,650,650,645,645,615,675,695,692.5,695,650,675,692.5,695,695,702.5,715,782.5,750,695,740,775,750,750,695,735,700
"Manhattan, KS",144,,,,,,,,,,,,,,,,,,,,,,,,,,,,,,,,,,,,,,,,,,,,,,,,575,600,550,575,630,642.5,630,685,735,677.5,672.5,700,650,625,650,650,680,680,665,677.5,695,720,725,725,670,655,650,630,600,625,660,600
